direction,source_type,company_or_search,contact_name,title,location,phone,email,website,linkedin_search_query,pain_signal,outreach_priority,strategy,script_template,notes
DIRECT: Named Owner,Website,GFC Cartage LLC,Jeffrey Daniels,Owner/President,Lavergne TN,615-642-2124,jeff.daniels@gfccartagellc.com,gfccartagellc.com,Jeffrey Daniels GFC Cartage,Voicemail or being on hold isnt an option,A1,Direct call then LinkedIn,"Hi Jeff — I saw on your website that voicemail isnt an option for GFC. What happens when a broker calls at 2 AM and youre asleep? We built an AI dispatcher that answers exactly like your team would. Can I send you a 90-second demo?",19 yrs in business. $950K revenue. 13 employees. HOT.
DIRECT: Named Owner,Website,AFT Dispatch,Vitaliy Dadalyan,President,Salt Lake City UT,801-448-6363,,aftdispatch.com,Vitaliy Dadalyan AFT Dispatch,Hiring dispatchers; 75K+ loads; cant scale humans,A1,Comment on blog then DM,"Vitaliy — loved your 2025 trucking market analysis. Quick question: how many loads did AFT lose last month to brokers who called at 2 AM and got voicemail? We built an AI that answers those calls and books loads while your team sleeps. Worth a 5-min call?",Writes blog. Former truck driver. White-label ready.
DIRECT: Named Owner,PRWeb,Freight Girlz,Jay Schmidlapp,President/Founder,Tucson AZ,833-374-4759,sales@freightgirlz.com,freightgirlz.com,Jay Schmidlapp Freight Girlz,Due to volume we are not able to respond to inquiries,A1,LinkedIn connect referencing SOPs,"Jay — Freight Girlz runs on military-grade SOPs. What if your after-hours intake followed them too? AI dispatcher that negotiates rates collects docs and follows your exact protocols. Interested in a pilot?",Ex-aviation JTAC. 26+ years ops. Built in 2020. SOP-obsessed.
DIRECT: Named Owner,Interview,Route One Group,Eduard Litvac,Founder/CEO,Chicago IL,,,routeonegroup.com,Eduard Litvac Route One,Markets After Hours Dispatch as paid service,A1,LinkedIn referencing his story,"Eduard — you built Route One because you lived the dispatcher problem as a driver. What if after-hours dispatch didnt need a human at 2 AM? Our AI scales to 500K members cheaper than headcount. Worth exploring?",Former truck driver. 5 entities under umbrella. Partner: Rubens Gheorghe.
DIRECT: Named Owner,Chamber,Cedar Park Plumbing,Ldon Shipman,Owner/Master Plumber,Cedar Park TX,,,cedarparkplumbing.com,Ldon Shipman Cedar Park Plumbing,Family-owned since 1980; founder still active,A2,LinkedIn respect play,"Ldon — 40+ years of plumbing excellence in Cedar Park. What happens to that reputation when a burst pipe call goes to voicemail at midnight? Our AI answers with your standards 24/7. Can I show you?",Founded 1980. Master Plumber. Chamber member.
DIRECT: Named Owner,Website,Plumbing Outfitters,Warren Stroud,Co-Owner/Master Plumber,Cedar Park TX,512-309-0541,,plumbingoutfitters.com,Warren Stroud Plumbing Outfitters,Review: call went straight to voicemail,A2,LinkedIn search then call,"Warren — Master Plumbers dont let calls go to voicemail. But youre human and you sleep. Our AI answers with your standards books appointments and handles emergencies. Can I send a demo?",Master Plumber. Co-owner with Ashley. Serves Austin metro.
DIRECT: Named Owner,Website,Plumbing Outfitters,Ashley Stroud,Co-Owner,Cedar Park TX,,,plumbingoutfitters.com,Ashley Stroud Plumbing Outfitters,Review: call went straight to voicemail,A2,LinkedIn search then call,"Ashley — you and Warren built something great. What if after-hours calls were handled with the same care you put into every job? Our AI treats every caller like family. Interested?",Family business angle.
DIRECT: Named Owner,Yelp,Dedicated Plumbing,Joe Yandrisovitz,Owner,Cedar Park TX,,,dedicatedplumbing.com,Joe Yandrisovitz Dedicated Plumbing,Small family-owned; no 24/7 coverage,A2,Yelp then LinkedIn,"Joe — your Yelp reviews say youre kind honest and punctual. Exactly what panicked homeowners need at 2 AM. What if they could reach someone who sounds like you any time? Our AI does that. Demo?",20 Yelp reviews praising honesty. Navien specialist.
DIRECT: Named Owner,Review Site,Proven Plumbing & Air,Unknown,Owner,Cedar Park TX,,,,,Review: call went directly to voicemail without ringing,A2,Yelp/Google Business message,"Saw your recent review about calls going straight to voicemail. That should never happen — especially for emergency plumbing. We fix that permanently for $200/mo. Can I show you how?",No owner name found. Public pain signal.
DIRECT: Named Owner,Review Site,One Call Plumbing Services,Unknown,Owner,Unknown,,,,,Customer asked is he still in business after no response,A2,Yelp/Google Business message,"I saw a customer thought you were out of business because of no response. That should never happen. Our AI answers every call 24/7. Can I send you a 2-minute demo?",Extreme pain — business appears closed.
DIRECTION: LinkedIn Title Search,LinkedIn Sales Navigator,Search: "Owner" + "HVAC" + Phoenix/Dallas/Houston,,,,Phoenix/Dallas/Houston,,,,,Owner HVAC Phoenix OR Owner HVAC Dallas OR Owner HVAC Houston,35-40% miss rate; 73% after-hours calls,A1,LinkedIn Sales Navigator bulk outreach,"Hi [Name] — I work with HVAC contractors who are tired of losing $15K system replacements to voicemail. Our AI answers after-hours calls books appointments and sounds human — not robotic. Worth 5 minutes?",Target 50-100 results per city. Filter: 2-10 employees.
DIRECTION: LinkedIn Title Search,LinkedIn Sales Navigator,Search: "Owner" + "Plumbing" + Minneapolis/Detroit/Boston/Chicago,,,,Minneapolis/Detroit/Boston/Chicago,,,,,Owner Plumbing Minneapolis OR Owner Plumbing Detroit,51.5% urgent callers; frozen pipe season = surge,A1,LinkedIn Sales Navigator bulk outreach,"Hi [Name] — frozen pipe season is coming. When a basement floods at midnight and your phone goes to voicemail that customer calls someone else. Our AI answers emergency calls triages severity and books you directly. Demo?",Target 50-100 results per city. Filter: 2-10 employees.
DIRECTION: LinkedIn Title Search,LinkedIn Sales Navigator,Search: "Owner" + "Roofing" + Dallas/Denver/Tampa/OKC,,,,Dallas/Denver/Tampa/OKC,,,,,Owner Roofing Dallas OR Owner Roofing Denver,45% miss rate; storm = 3-5x volume spike,A1,LinkedIn Sales Navigator bulk outreach,"Hi [Name] — hail season hits and your phones explode. 75% of homeowners hire the FIRST roofer who answers. Our AI answers every call books inspections and never sleeps. Can I show you?",Storm-event timing critical. Monitor weather alerts.
DIRECTION: LinkedIn Title Search,LinkedIn Sales Navigator,Search: "Owner" + "Electrical" + NYC/LA/Chicago,,,,NYC/Los Angeles/Chicago,,,,,Owner Electrical NYC OR Owner Electrical Los Angeles,30% miss rate; no power = time-critical panic,A2,LinkedIn Sales Navigator bulk outreach,"Hi [Name] — when the power goes out customers panic. If they get voicemail they call the next electrician. Our AI answers in 3 seconds calms the caller and books the appointment. Worth a look?",High-density markets.
DIRECTION: LinkedIn Title Search,LinkedIn Sales Navigator,Search: "Owner" + "Moving Company" + NYC/LA/Chicago/Houston,,,,NYC/LA/Chicago/Houston,,,,,Owner Moving Company NYC OR Owner Moving Company Los Angeles,22% miss rate; 85% wont call back,A2,LinkedIn Sales Navigator bulk outreach,"Hi [Name] — moving is high-anxiety. When a stressed customer calls and gets voicemail 85% never call back. Our AI answers every call provides quotes and books moves 24/7. Can I send a demo?",Summer peak season = surge.
DIRECTION: LinkedIn Title Search,LinkedIn Sales Navigator,Search: "Owner" + "Trucking" + "Owner-Operator" + Nashville/Atlanta/Dallas,,,,Nashville/Atlanta/Dallas,,,,,Owner Trucking Nashville OR Owner Trucking Atlanta,35% night miss rate; $180K/yr lost to missed calls,A1,LinkedIn Sales Navigator bulk outreach,"Hi [Name] — brokers call at 2 AM with loads. If they get voicemail they call the next carrier. Our AI answers negotiates rates and books freight while you sleep. One missed load = $4K+. Worth 5 min?",I-95 I-10 I-40 corridor focus.
DIRECTION: LinkedIn Title Search,LinkedIn Sales Navigator,Search: "Dispatcher" + "Freight" + "Independent" + US,,,,US-wide,,,,,Freight Dispatcher OR Truck Dispatcher OR OTR Dispatcher,Dispatcher turnover 25-35%; $15K-25K to replace,A1,LinkedIn Sales Navigator bulk outreach,"Hi [Name] — dispatchers burn out. Turnover is 25-35%. What if an AI handled your overnight broker calls rate negotiations and check-ins so you could sleep? We dont replace dispatchers — we make them human again.",149 NAICS-verified dispatch companies. White-label angle.
DIRECTION: Trade Association,Member Directories,National Roofing Contractors Association (NRCA),,Members,Dallas/Denver/Tampa/OKC,,,nrca.net,,,45% miss rate; storm surge,A1,Association outreach + member list,"Subject: NRCA Member — Stop Losing Storm Jobs to Voicemail. Hi [Name] — 75% of homeowners hire the first roofer who answers. During hail season your phones ring 3-5x normal. Our AI answers every call. NRCA member discount available.",Sponsor NRCA webinar: How to Stop Losing $50K/Year to Missed Calls.
DIRECTION: Trade Association,Member Directories,Air Conditioning Contractors of America (ACCA),,Members,Phoenix/Dallas/Houston/Miami,,,acca.org,,,35-40% miss rate; elderly hang up on robots,A1,Association outreach + member list,"Subject: ACCA Member — After-Hours Calls = Your Biggest Profit Leak. Hi [Name] — 73% of HVAC calls happen after 5 PM. Our AI answers emergency heat/AC calls books appointments and sounds human — not robotic. ACCA member pilot available.",Partner with ACCA for webinar sponsorship.
DIRECTION: Trade Association,Member Directories,Owner-Operator Independent Drivers Assoc (OOIDA),,Members,US-wide,,,ooida.com,,,Night miss rate 35%; $180K/yr lost,A1,Association outreach + member list,"Subject: OOIDA Member — Never Lose a 2 AM Load Again. Hi [Name] — brokers dont wait. 78% of freight goes to the first carrier who answers. Our AI answers broker calls negotiates rates and books loads 24/7. OOIDA member pricing.",OOIDA has 150K+ members. Massive reach.
DIRECTION: Trade Association,Member Directories,National Electrical Contractors Association (NECA),,Members,NYC/LA/Chicago/Boston,,,necanet.org,,,30% miss rate; no power = panic,A2,Association outreach + member list,"Subject: NECA Member — Power Outage Calls Need Immediate Response. Hi [Name] — when the power goes out customers call 3 electricians. The first to answer gets the job. Our AI answers in 3 seconds. NECA member discount.",Commercial + residential contractors.
DIRECTION: Software Ecosystem,User Lists / Partner Programs,ServiceTitan Customers,,Users,US-wide,,,servicetitan.com,,,Already paying $400+/mo; still miss after-hours calls,A1,Integration partner pitch,"Subject: ServiceTitan + AI Receptionist = 24/7 Booking. Hi [Name] — you use ServiceTitan. Great. But what happens when customers call at 8 PM and reach voicemail? Our AI integrates directly with ServiceTitan — books appointments syncs customer records and never sleeps. Partner discount.",Integration is the hook. API-level booking.
DIRECTION: Software Ecosystem,User Lists / Partner Programs,Housecall Pro Customers,,Users,US-wide,,,housecallpro.com,,,Paying $200+/mo; no AI voice agent,A1,Integration partner pitch,"Subject: Housecall Pro + AI Voice = Never Miss Another Job. Hi [Name] — Housecall Pro handles your schedule. Our AI handles the calls that come when youre on a roof under a sink or asleep. Integrates directly. Can I show you?",Smaller contractors. Price-sensitive.
DIRECTION: Software Ecosystem,User Lists / Partner Programs,Jobber Customers,,Users,US-wide,,,getjobber.com,,,Paying $150+/mo; still manual phone answering,A2,Integration partner pitch,"Subject: Jobber Schedules Jobs. Who Answers the Phone at 2 AM? Hi [Name] — Jobber is great for operations. Our AI is great for calls. Together they handle the full customer journey — from first ring to booked appointment. Integration demo?",Small trades focus.
DIRECTION: Software Ecosystem,User Lists / Partner Programs,FieldPulse Customers,,Users,US-wide,,,fieldpulse.com,,,Budget-conscious contractors; need affordable AI,A2,Integration partner pitch,"Subject: FieldPulse + AI Receptionist Under $200/mo. Hi [Name] — you chose FieldPulse because its simple and affordable. Our AI receptionist is the same — $200/mo flat. No per-minute fees. No setup cost. Integrates with FieldPulse. Worth a look?",Price-competitive positioning.
DIRECTION: Software Ecosystem,Partner Programs,QuickBooks ProAdvisors (Construction/Trades),,Advisors,US-wide,,,intuit.com,,,Advisors influence 10-20 clients each,A1,Channel partner recruitment,"Hi [Name] — you advise construction and trucking clients. Heres a new revenue stream: refer them to our AI receptionist. You earn 30% recurring commission. Their customers stop going to voicemail. Everyone wins. Partner call?",Accountants/bookkeepers = trusted advisors. High leverage.
DIRECTION: Competitor Intelligence,Customer Lists,SkipCalls Users,,Customers,US-wide,,,skipcalls.com,,,Paying $19.99/mo; generic AI no trade knowledge,A1,Poach play,"Hi [Name] — I noticed youre using SkipCalls. Good first step. But does their AI understand reefer vs dry van? Can it negotiate detention rates? Our AI is built for trucking — knows your lanes your equipment and your brokers. Upgrade demo?",Direct competitor poach. Lower price but better domain knowledge.
DIRECTION: Competitor Intelligence,Customer Lists,Nautilus AI Users,,Customers,US-wide,,,nautilusai.io,,,Paying premium; no barge-in no turn-taking,A1,Poach play,"Hi [Name] — Nautilus AI recovered $156K for you. Impressive. But can it handle a homeowner interrupting with my ceiling is collapsing? Our AI has barge-in detection emergency triage and natural turn-taking. Next-gen demo?",Roofing focus. Sell on technical superiority.
DIRECTION: Competitor Intelligence,Customer Lists,ServiceForge Users,,Customers,US-wide,,,serviceforge.com,,,Paying $$$ for human agents; not scalable,A1,Poach play,"Hi [Name] — ServiceForge uses real humans. Great service but $$$ and hard to scale. Our AI sounds human costs 1/10th and handles 50 concurrent calls. Same quality. Infinite scale. Worth comparing?",Human replacement pitch.
DIRECTION: Reddit/Forum Mining,Public Posts,r/HVAC Pain Posters,,Users,US-wide,,,reddit.com/r/HVAC,,,Posted about missing calls losing jobs to voicemail,A1,Reddit DM,"Saw your post about losing a $15K job because you were on a roof when the customer called. That sucks. We built an AI receptionist that answers exactly like you would — knows HVAC terminology books appointments and handles after-hours emergencies. Free demo?",Search: lost job voicemail HVAC Reddit. DM top posters.
DIRECTION: Reddit/Forum Mining,Public Posts,r/Plumbing Pain Posters,,Users,US-wide,,,reddit.com/r/Plumbing,,,Posted about burst pipe calls going to voicemail,A1,Reddit DM,"Saw your post about the burst pipe call that went to voicemail. Customer hired someone else. We fix that — AI answers emergency calls triages severity and books you directly. Free 30-day pilot?",Search: burst pipe voicemail plumbing Reddit.
DIRECTION: Reddit/Forum Mining,Public Posts,r/Truckers Pain Posters,,Users,US-wide,,,reddit.com/r/Truckers,,,Posted about dispatcher not answering 2 AM breakdown,A1,Reddit DM,"Saw your post about the 2 AM breakdown with no dispatch answer. $16K fine risk plus safety issue. Our AI triages breakdowns pages the on-call mechanic and logs everything. Demo for your fleet?",Search: breakdown dispatcher not answering Reddit trucking.
DIRECTION: Reddit/Forum Mining,Public Posts,r/FreightBrokers Pain Posters,,Users,US-wide,,,reddit.com/r/FreightBrokers,,,Posted about carriers not answering phone,A1,Reddit DM,"Saw your post about carriers not answering their phones. Frustrating. What if I told you theres an AI that answers broker calls negotiates rates and sends rate confirmations automatically? Want to try it?",Flip the script — sell to carriers via broker complaints.
DIRECTION: Storm/Event-Based,Weather Alerts,Hail Storm Roofers,,Targets,Dallas-Fort Worth/Denver/Tampa/OKC,,,,,Hail storm = 3-5x call volume spike,A1,24-hr post-storm outreach,"[Name] — hail just hit [City]. Your phones are about to explode. Last storm you probably missed 20+ calls while on roofs. Our AI answers every call books inspections and never sleeps. Set up in 24 hours. Ready?",Monitor NOAA weather alerts. Strike within 24 hours.
DIRECTION: Storm/Event-Based,Weather Alerts,Deep Freeze Plumbers,,Targets,Minneapolis/Detroit/Boston/Chicago,,,,,Frozen pipes = emergency surge,A1,24-hr pre-freeze outreach,"[Name] — deep freeze incoming this weekend. Your emergency line is about to melt down. Our AI answers burst pipe calls triages severity and books you directly. Set up before Friday. Can we do this?",Monitor weather forecasts. Pre-storm positioning.
DIRECTION: Storm/Event-Based,Weather Alerts,Hurricane Season Roofers/HVAC,,Targets,Miami/Tampa/Houston/Gulf Coast,,,,,Hurricane = massive demand spike,A1,72-hr pre-hurricane outreach,"[Name] — [Storm] is tracking toward [City]. You know what happens next. Our AI can be live before landfall answering calls booking inspections and capturing every lead while you prep. 24-hour setup. Ready?",Hurricane season Jun-Nov. Monitor NHC.
DIRECTION: Storm/Event-Based,Weather Alerts,Heat Wave HVAC,,Targets,Phoenix/Dallas/Houston/Las Vegas,,,,,Heat wave = AC emergency surge,A1,48-hr pre-heat wave outreach,"[Name] — 110F+ forecast this week. AC units will fail. Homeowners will panic-call. If they get voicemail they call the next HVAC company. Our AI answers every emergency call and books you directly. Live in 24 hours. Ready?",Summer heat waves = predictable surge.
DIRECTION: Channel Partner,Reseller Network,Trucking Business Coaches,,Partners,US-wide,,,,,Coach 50-200 owner-operators each,A1,Partner recruitment,"Hi [Name] — you coach 100+ owner-operators. Heres a new revenue stream: offer them 24/7 AI dispatch under your brand. You earn 30% recurring. They never miss a load. White-label available. Partner call?",High leverage. One coach = 100 customers.
DIRECTION: Channel Partner,Reseller Network,Construction Business Coaches (Michael Stone etc),,Partners,US-wide,,,,,Coach remodelers/contractors on pricing/ops,A1,Partner recruitment,"Hi [Name] — you teach contractors to price jobs and run operations. But what about the phones? Offer your students 24/7 AI receptionist. You earn recurring revenue. They stop losing jobs to voicemail. Partner call?",Michael Stone Shawn Van Dyke etc.
DIRECTION: Channel Partner,Reseller Network,Digital Marketing Agencies (Home Services),,Partners,US-wide,,,,,Generate leads for contractors but phones dont answer,A1,Partner recruitment,"Hi [Name] — you spend $5K/mo generating leads for your HVAC client. But 35% of calls go to voicemail. All that ad spend wasted. Our AI answers every call and books appointments. White-label for your agency?",Agencies = high volume. Protect their ad spend.
DIRECTION: Channel Partner,Reseller Network,Commercial Insurance Agents (Trucking/Construction),,Partners,US-wide,,,,,Sell comp/liability to contractors; trusted advisor,A1,Partner recruitment,"Hi [Name] — you sell insurance to 50+ trucking companies. Add AI receptionist to your portfolio. Reduces their DOT incident risk (faster breakdown response). You earn commission. Their carriers sleep better. Win-win?",Insurance agents = embedded in operations.
DIRECTION: NAICS Bulk,Industry Databases,NAICS 238220: Plumbing/HVAC Contractors,,Bulk,Phoenix/Dallas/Houston/Miami/Minneapolis/Detroit, Bulk list,,,,35-40% miss rate; 73% after-hours,A1,Bulk cold calling + LinkedIn,"Hi [Name] — I work with [City] plumbing contractors who are tired of losing emergency calls to voicemail. Our AI answers 24/7 books appointments and sounds human. Can I send a 2-minute demo?",Buy lists from ReferenceUSA or D&B. Filter: 2-10 employees.
DIRECTION: NAICS Bulk,Industry Databases,NAICS 238160: Roofing Contractors,,Bulk,Dallas/Denver/Tampa/OKC/Chicago, Bulk list,,,,45% miss rate; storm surge,A1,Bulk cold calling + LinkedIn,"Hi [Name] — 75% of homeowners hire the FIRST roofer who answers. When hail hits your phones ring 3-5x. Our AI answers every call books inspections and never sleeps. Demo?",Buy lists. Filter: 5-20 employees.
DIRECTION: NAICS Bulk,Industry Databases,NAICS 484121/484230: Trucking (Long-Distance),,Bulk,I-95/I-10/I-40 corridors, Bulk list,,,,35% night miss; $180K/yr lost,A1,Bulk cold calling + LinkedIn,"Hi [Name] — brokers call at 2 AM. If they get voicemail they call the next carrier. One missed load = $4K+. Our AI answers negotiates rates and books freight 24/7. Can I show you?",Focus on owner-operators and small fleets.
DIRECTION: NAICS Bulk,Industry Databases,NAICS 488490: Dispatch Services,,Bulk,US-wide, Bulk list,,,,Dispatcher turnover 25-35%; $15K-25K to replace,A1,Bulk cold calling + LinkedIn,"Hi [Name] — dispatcher turnover is killing your margins. Our AI handles overnight broker calls check-ins and rate confirmations so your dispatchers sleep and stay. White-label available. Demo?",149 verified companies. White-label play.
DIRECTION: NAICS Bulk,Industry Databases,NAICS 493110: Warehousing/3PL,,Bulk,Inland Empire/Chicago/Dallas/Atlanta/NJ, Bulk list,,,,Detention fees $50-100/hr; phone scheduling chaos,B1,Bulk cold calling + LinkedIn,"Hi [Name] — detention fees stack up when trucks cant reach your dock office. Our AI handles truck appointment scheduling confirmations and cancellations 24/7. Reduces detention. Demo?",Focus on mid-size warehouses with manual scheduling.
DIRECTION: Cold Call Territory,High-Pain Zip Codes,Zip clusters: Dallas-Fort Worth (hail alley),,Territory,DFW Metroplex,,,,,Highest roofing hail claims in US,A1,Door-to-door storm chasing + cold call,"Hi [Name] — DFW gets more hail than anywhere in America. When it hits your phones die. We set up AI receptionist in 24 hours so you capture every storm lead. Can I stop by tomorrow?",Storm chaser model. Set up booth at Home Depot post-storm.
DIRECTION: Cold Call Territory,High-Pain Zip Codes,Zip clusters: Phoenix (extreme heat),,Territory,Phoenix Metro,,,,,115F+ summers = AC emergency surge,A1,Door-to-door + cold call,"Hi [Name] — Phoenix hit 118F last summer. AC units fail. Homeowners panic-call. If they get voicemail they call the next company. Our AI answers every emergency call. Live in 24 hours. Demo?",Summer campaign. Partner with AC parts suppliers.
DIRECTION: Cold Call Territory,High-Pain Zip Codes,Zip clusters: Minneapolis-St. Paul (frozen pipes),,Territory,Minneapolis Metro,,,,,-20F winters = plumbing emergency surge,A1,Door-to-door + cold call,"Hi [Name] — January in Minneapolis means frozen pipes and flooded basements. When that 2 AM call comes and youre asleep they call someone else. Our AI answers emergency calls and books you directly. Ready?",Winter campaign. Dec-Feb peak.
DIRECTION: Cold Call Territory,High-Pain Zip Codes,Zip clusters: Chicago (logistics hub),,Territory,Chicago Metro,,,,,Massive trucking/3PL concentration,A1,Door-to-door + cold call,"Hi [Name] — Chicago is the freight crossroads of America. Brokers call 24/7. If your dispatch line goes to voicemail that load goes to Iowa. Our AI answers negotiates and books 24/7. Demo?",I-80/I-90/I-94 convergence. Dense trucking.
DIRECTION: Cold Call Territory,High-Pain Zip Codes,Zip clusters: Nashville (GFC territory + growth),,Territory,Nashville Metro,,,,,Fast-growing construction market; GFC presence,A1,Door-to-door + cold call,"Hi [Name] — Nashvilles building boom means 24/7 contractor demand. But youre human and you sleep. Our AI answers after-hours calls books estimates and handles emergencies. Can I show you?",Reference GFC as local proof point.
DIRECTION: Investor/Peer Network,Startup Ecosystem,Y Combinator Startup School Alumni (Trades/Logistics),,Network,US-wide,,,,,Building businesses; understand tech advantage,A1,Peer referral,"Hi [Name] — fellow YC Startup School alum. Im building AI receptionist for construction and trucking — $265/mo replaces $5K/mo human dispatch. Already have GFC Cartage and AFT Dispatch piloting. Know any contractors who are drowning in missed calls?",YC network = warm intros. High trust.
DIRECTION: Investor/Peer Network,Startup Ecosystem,Techstars/500 Startups Logistics Alumni,,Network,US-wide,,,,,Logistics tech founders; carrier relationships,A1,Peer referral,"Hi [Name] — logistics tech founder here. Built AI voice agent for trucking dispatch. Pilots running with Nashville and Salt Lake carriers. Know any fleet owners or dispatch services that need 24/7 phone coverage?",Warm intro to portfolio companies.
DIRECTION: Investor/Peer Network,Startup Ecosystem,IIT Madras Alumni Network (US-based),,Network,US-wide,,,,,Alumni in tech/business; trusted network,A2,Alumni referral,"Hi [Name] — fellow IITM alum. Left Amadeus to build AI receptionist for construction/trucking. Need intros to HVAC/plumbing/trucking business owners in your city. Know anyone drowning in missed calls?",Alumni network = high response rate.
