company_name,location,state,industry,sub_category,owner_contact_name,phone,email,website,pain_signal,pain_severity,miss_rate_pct,avg_job_value,est_monthly_loss_usd,outreach_priority,naics_code,source,notes
GFC Cartage LLC,Nashville,TN,Trucking,Cartage/Local Freight,Jeff Daniels,615-642-2124,jeff.daniels@gfccartagellc.com,gfccartagellc.com,Voicemail or being on hold isnt an option,High,23 day / 35 night,2500,15000,A1,484110,Website + Lead Intel Report,Owner explicitly states phone availability is critical. Direct cell listed. Hot lead.
Proven Plumbing & Air,Cedar Park,TX,Plumbing,HVAC/Plumbing,,,,,Customer review: call went directly to voicemail without any ringing,High,51.5,1800,47520,A2,238220,Yelp review 2026,Public customer complaint about no answer. Yelp prospecting target.
One Call Plumbing Services,Unknown,Unknown,Plumbing,Residential Plumbing,,,,,Customer asks does anyone know if hes still in business after no response,Critical,40,1800,47520,A2,238220,Yelp 2022,Extreme pain signal — customers think business is closed due to no response.
AFT Dispatch,Unknown,US,Trucking,Dispatch Service,Vitaliy,,,aftdispatch.com,Hiring dispatchers; 75000+ loads booked; cant scale human team,High,35,2500,15000,A1,488490,Website aftdispatch.com,White-label opportunity. Sell AI dispatch as their 24/7 line.
TLP Freight,Unknown,US,Trucking,Dispatch Service,,,,tlpfreight.com,Offers 24/7 dispatch using humans — expensive and not scalable,High,35,2500,15000,A1,488490,Website tlpfreight.com,5% fee model. Replace human overnight dispatch with AI.
Route One Dispatch,Unknown,US,Trucking,Dispatch Service,,,,routeonedispatch.com,Explicitly markets After Hours Dispatch as paid service — admits pain,High,35,2500,15000,A1,488490,Website routeonedispatch.com,They already sell the solution but use humans. AI = higher margin.
Freight Girlz,Unknown,US,Trucking,Dispatch Service,,,,freightgirlz.com,Due to volume we are not able to respond to inquiries,Critical,35,2500,15000,A1,488490,Website freightgirlz.com,Hiring OTR dispatchers. Volume overwhelmed. Perfect AI fit.
Cargo Voyager LLC,Unknown,US,Trucking,Motor Carrier,,,,cargovoyager.com,Licensed MC authority serving owner-operators nationwide,Medium,35,2500,15000,A2,484121,Website cargovoyager.com,Carrier not dispatch service. Direct AI receptionist sale.
KB Dispatch Tools Services,Unknown,US,Trucking,Dispatch Support,,,,kbdispatchtoolsservices.com,Sells dialers and tools to dispatchers — channel partner opportunity,Medium,35,2500,15000,B1,488490,Website kbdispatchtoolsservices.com,Not end customer. Channel partner — resell AI to their dispatcher clients.
,,,,,,,,,,,,,,,,,,
CATEGORY: HVAC Contractors,Phoenix,AZ,HVAC,Residential/Commercial,,,,,35-40% miss rate; 73% calls after hours; elderly hang up on robots,Critical,35-40,2500-8000,57750,A1,238220,Reddit r/HVAC + Appalach.ai,Storm season = surge. Extreme heat markets = emergency demand.
CATEGORY: HVAC Contractors,Dallas,TX,HVAC,Residential/Commercial,,,,,35-40% miss rate; 73% calls after hours; elderly hang up on robots,Critical,35-40,2500-8000,57750,A1,238220,Reddit r/HVAC + Appalach.ai,Hail + heat = double surge. Large market.
CATEGORY: HVAC Contractors,Houston,TX,HVAC,Residential/Commercial,,,,,35-40% miss rate; 73% calls after hours; elderly hang up on robots,Critical,35-40,2500-8000,57750,A1,238220,Reddit r/HVAC + Appalach.ai,Hurricane season = massive demand spike.
CATEGORY: HVAC Contractors,Miami,FL,HVAC,Residential/Commercial,,,,,35-40% miss rate; 73% calls after hours; elderly hang up on robots,Critical,35-40,2500-8000,57750,A1,238220,Reddit r/HVAC + Appalach.ai,Year-round heat = constant emergency calls.
CATEGORY: HVAC Contractors,Las Vegas,NV,HVAC,Residential/Commercial,,,,,35-40% miss rate; 73% calls after hours; elderly hang up on robots,Critical,35-40,2500-8000,57750,A1,238220,Reddit r/HVAC + Appalach.ai,Extreme heat. Retirement community = elderly callers.
,,,,,,,,,,,,,,,,,,
CATEGORY: Plumbing Contractors,Minneapolis,MN,Plumbing,Residential/Commercial,,,,,51.5% urgent callers; 28.6% callback requests; burst pipe emergencies,Critical,40,1800-5000,47520,A1,238220,QuantumAgentLabs + Reddit r/Plumbing,Frozen pipe season = surge Dec-Mar. High-margin emergency work.
CATEGORY: Plumbing Contractors,Detroit,MI,Plumbing,Residential/Commercial,,,,,51.5% urgent callers; 28.6% callback requests; burst pipe emergencies,Critical,40,1800-5000,47520,A1,238220,QuantumAgentLabs + Reddit r/Plumbing,Rust Belt housing stock = frequent emergencies.
CATEGORY: Plumbing Contractors,Boston,MA,Plumbing,Residential/Commercial,,,,,51.5% urgent callers; 28.6% callback requests; burst pipe emergencies,Critical,40,1800-5000,47520,A1,238220,QuantumAgentLabs + Reddit r/Plumbing,Old infrastructure + cold winters = high demand.
CATEGORY: Plumbing Contractors,Chicago,IL,Plumbing,Residential/Commercial,,,,,51.5% urgent callers; 28.6% callback requests; burst pipe emergencies,Critical,40,1800-5000,47520,A1,238220,QuantumAgentLabs + Reddit r/Plumbing,Large market. Cold winters = surge.
,,,,,,,,,,,,,,,,,,
CATEGORY: Roofing Contractors,Dallas-Fort Worth,TX,Roofing,Residential/Commercial,,,,,45% miss rate; storm = 3-5x call volume; 75% go with first answer,Critical,45,8000-28000,237600,A1,238160,EthosLink + Nautilus AI,Hail capital of US. Storm chasing season = phone explosion.
CATEGORY: Roofing Contractors,Denver,CO,Roofing,Residential/Commercial,,,,,45% miss rate; storm = 3-5x call volume; 75% go with first answer,Critical,45,8000-28000,237600,A1,238160,EthosLink + Nautilus AI,Hail + snow damage. High-value jobs.
CATEGORY: Roofing Contractors,Tampa,FL,Roofing,Residential/Commercial,,,,,45% miss rate; storm = 3-5x call volume; 75% go with first answer,Critical,45,8000-28000,237600,A1,238160,EthosLink + Nautilus AI,Hurricane season = massive surges. Elderly population.
CATEGORY: Roofing Contractors,Oklahoma City,OK,Roofing,Residential/Commercial,,,,,45% miss rate; storm = 3-5x call volume; 75% go with first answer,Critical,45,8000-28000,237600,A1,238160,EthosLink + Nautilus AI,Tornado/hail corridor. High damage frequency.
,,,,,,,,,,,,,,,,,,
CATEGORY: Electrical Contractors,New York,NY,Electrical,Residential/Commercial,,,,,30% miss rate; no power = time-critical; rarely return voicemails,High,30,1500,29700,A2,238210,University of Southampton + NYSERDA,High-density market. Power outage = immediate need.
CATEGORY: Electrical Contractors,Los Angeles,CA,Electrical,Residential/Commercial,,,,,30% miss rate; no power = time-critical; rarely return voicemails,High,30,1500,29700,A2,238210,University of Southampton + NYSERDA,Large market. Aging grid = frequent outages.
CATEGORY: Electrical Contractors,Chicago,IL,Electrical,Residential/Commercial,,,,,30% miss rate; no power = time-critical; rarely return voicemails,High,30,1500,29700,A2,238210,University of Southampton + NYSERDA,Cold climate = electrical heating load issues.
,,,,,,,,,,,,,,,,,,
CATEGORY: Moving Companies,New York,NY,Moving,Residential/Commercial,,,,,22% miss rate; 85% wont call back; $1200 lost per call,High,22,1200,62500,A2,484210,AgentZap.ai,Summer peak season = phone surge. High anxiety purchases.
CATEGORY: Moving Companies,Los Angeles,CA,Moving,Residential/Commercial,,,,,22% miss rate; 85% wont call back; $1200 lost per call,High,22,1200,62500,A2,484210,AgentZap.ai,Large transient population. Constant demand.
CATEGORY: Moving Companies,Chicago,IL,Moving,Residential/Commercial,,,,,22% miss rate; 85% wont call back; $1200 lost per call,High,22,1200,62500,A2,484210,AgentZap.ai,Seasonal peaks (summer). College town surges.
CATEGORY: Moving Companies,Houston,TX,Moving,Residential/Commercial,,,,,22% miss rate; 85% wont call back; $1200 lost per call,High,22,1200,62500,A2,484210,AgentZap.ai,Fast-growing city. High inbound/outbound moves.
,,,,,,,,,,,,,,,,,,
CATEGORY: 3PL/Warehousing,Inland Empire,CA,Logistics,3PL/Warehousing,,,,,Detention fees $50-100/hr; dock scheduling by phone calls and guesswork,High,25,2500,50000,B1,493110,Arrivy.com + Reddit,Largest warehouse market in US. E-commerce hub.
CATEGORY: 3PL/Warehousing,Chicago,IL,Logistics,3PL/Warehousing,,,,,Detention fees $50-100/hr; dock scheduling by phone calls and guesswork,High,25,2500,50000,B1,493110,Arrivy.com + Reddit,Major freight crossroads. Rail + truck convergence.
CATEGORY: 3PL/Warehousing,Dallas,TX,Logistics,3PL/Warehousing,,,,,Detention fees $50-100/hr; dock scheduling by phone calls and guesswork,High,25,2500,50000,B1,493110,Arrivy.com + Reddit,Central US distribution hub. Fast growth.
CATEGORY: 3PL/Warehousing,Atlanta,GA,Logistics,3PL/Warehousing,,,,,Detention fees $50-100/hr; dock scheduling by phone calls and guesswork,High,25,2500,50000,B1,493110,Arrivy.com + Reddit,Southeast distribution hub. Airport + interstate hub.
CATEGORY: 3PL/Warehousing,New Jersey,NJ,Logistics,3PL/Warehousing,,,,,Detention fees $50-100/hr; dock scheduling by phone calls and guesswork,High,25,2500,50000,B1,493110,Arrivy.com + Reddit,Port access. Northeast distribution. High volume.
,,,,,,,,,,,,,,,,,,
CATEGORY: Freight Dispatch Services,Unknown,US,Trucking,Dispatch Service,,,,,Dispatcher turnover 25-35%; $15K-25K to replace; offshore VAs fail,High,35,2500,15000,A1,488490,Virtual Nexgen + SICCODE,149 verified companies in NAICS 488490-02. White-label opportunity.
